institution_code,ct_availability,mri_availability,ventilator_availability,ambulance_availability,institution_name,address,main_phone,emergency_phone,emergency_bed_count,emergency_operating_status,operating_room_bed_count,inpatient_bed_count,inpatient_availability,latitude,longitude
A2200005,Y,Y,Y,Y,의료법인강릉동인병원,강원특별자치도 강릉시 강릉대로419번길 42 (포남동),033-650-6113,033-650-6105,19,1,3,60,1,37.77432579,128.9071418
A2200011,Y,Y,Y,Y,강원특별자치도강릉의료원,강원특별자치도 강릉시 경강로 2007 (남문동),033-610-1200,033-610-1234,5,1,1,30,1,37.74931042,128.8887963
A2200008,Y,Y,Y,Y,강릉아산병원,강원특별자치도 강릉시 사천면 방동길 38,033-610-3114,033-610-3333,22,1,7,124,1,37.81842669,128.8577141
A2200038,Y,Y,Y,Y,근로복지공단동해병원,"강원특별자치도 동해시 하평로 11-  (평릉동, (평릉동))",033-530-3100,033-530-3119,7,1,2,83,1,37.53232312,129.105856
A2200003,Y,Y,Y,Y,의료법인동해동인병원,"강원특별자치도 동해시 하평로 26-  (평릉동, (평릉동))",033-530-0114,033-530-0129,10,1,0,44,1,37.53000681,129.1074043
A2200007,Y,Y,Y,Y,강원특별자치도삼척의료원,강원특별자치도 삼척시 오십천로 418 (남양동),033-572-1141,033-570-7431,19,1,2,33,1,37.44027923,129.1637001
A2200012,Y,Y,Y,Y,강원특별자치도속초의료원,강원특별자치도 속초시 영랑호반길 3 (영랑동),033-630-6000,033-630-6036,19,1,3,93,1,38.21622785,128.5891195
A2200046,Y,Y,Y,Y,의료법인보광의료재단속초보광병원,강원특별자치도 속초시 중앙로 11 (교동),033-639-8500,033-639-8988,8,1,4,42,1,38.19802125,128.5783866
A2200037,Y,N1,Y,Y,의료법인성심의료재단양구성심병원,강원특별자치도 양구군 양구읍 중심로 160,033-480-8803,033-480-8816,7,1,,31,1,38.10477889,127.9911973
A2200002,Y,Y,Y,Y,강원특별자치도영월의료원,강원특별자치도 영월군 영월읍 중앙1로 59-  ( ),033-370-9101,033-370-9129,8,1,2,37,1,37.1865884,128.4653053
A2200015,Y,Y,Y,Y,강원특별자치도원주의료원,"강원특별자치도 원주시 서원대로 387 (개운동, 지방공사강원도원주의료원)",033-761-6911,033-760-4701,8,1,3,69,1,37.33249603,127.948962
A2200024,Y,Y,Y,Y,의료법인성지의료재단성지병원,강원특별자치도 원주시 원일로 22 (인동),033-760-3101,033-760-3119,7,1,3,58,1,37.34529898,127.9540092
A2200001,Y,Y,Y,Y,연세대학교원주세브란스기독병원,강원특별자치도 원주시 일산로 20 (일산동),033-741-0114,033-741-1641,31,1,1,187,1,37.34795543,127.9456453
A2200048,Y,N1,Y,Y,근로복지공단정선병원,강원특별자치도 정선군 정선읍 봉양1길 145,033-560-7100,033-560-7150,6,1,,35,1,37.38292381,128.6584205
A2201730,Y,Y,Y,Y,철원병원,강원특별자치도 철원군 갈말읍 명성로 208-0,033-452-5011,033-450-3300,2,1,2,40,1,38.15033057,127.3080277
A2200009,Y,Y,Y,Y,강원대학교병원,강원특별자치도 춘천시 백령로 156 (효자동),033-258-2000,033-258-2245,17,1,9,326,1,37.87497158,127.7444857
A2200013,Y,Y,Y,Y,한림대학교춘천성심병원,강원특별자치도 춘천시 삭주로 77 (교동),033-240-5000,033-240-5219,11,1,5,98,1,37.88413581,127.7398945
A2200004,Y,Y,Y,Y,근로복지공단태백병원,강원특별자치도 태백시 보드미길 8 (장성동),033-580-3114,033-580-3119,9,1,2,82,1,37.10404229,129.004287
E2200026,Y,N1,Y,Y,평창군보건의료원,강원특별자치도 평창군 평창읍 노성로 11,033-332-4000,033-330-4812,6,1,,20,1,37.36057743,128.3890509
A2200014,Y,Y,Y,Y,홍천아산병원,강원특별자치도 홍천군 홍천읍 산림공원1길 17,033-430-5211,033-430-5119,10,1,2,3,1,37.69082165,127.8949072
E2200025,N1,N1,Y,Y,화천군보건의료원,강원특별자치도 화천군 화천읍 강변로 111 (화천군보건의료원),033-441-4000,033-440-2880,8,1,,16,1,38.10738246,127.7088834
A2200016,Y,Y,Y,Y,횡성대성병원,강원특별자치도 횡성군 횡성읍 횡성로 275,033-343-0901,033-345-1191,9,1,1,22,1,37.47845901,127.9799478
A2100042,Y,Y,Y,Y,의료법인명지의료재단명지병원,경기도 고양시 덕양구 화수로14번길 55 (화정동),031-810-5114,031-810-7119,7,1,4,153,1,37.64207169,126.8314573
A2100047,Y,Y,Y,Y,동국대학교일산불교병원,"경기도 고양시 일산동구 동국로 27 (식사동, 동국대학교일산병원)",031-1577-7000,031-961-7777,13,1,7,194,1,37.67643678,126.8055658
A2100033,Y,Y,Y,Y,국민건강보험공단일산병원,"경기도 고양시 일산동구 일산로 100 (백석동,백석1동 1241외1필지 4층)",1577-0013,031-900-0761,14,1,12,239,1,37.64530592,126.792204
A2100049,Y,Y,Y,Y,국립암센터,경기도 고양시 일산동구 일산로 323 (마두동),031-920-0114,031-920-0119,5,1,5,101,1,37.66417078,126.7832795
A2116972,N1,N1,Y,Y,의료법인성광의료재단일산차병원,"경기도 고양시 일산동구 중앙로 1205, 지하1층(일부),지하2층,지하4층(일부),1층(일부),2층(일부),3층(일부),4~5층,6층(일부), 7~10층 (장항동)",031-782-8300,031-782-8587,7,1,3,-35,1,37.65413326,126.7757431
A2100038,Y,Y,Y,Y,인제대학교일산백병원,경기도 고양시 일산서구 주화로 170 (대화동),031-910-7114,031-910-7114,1,1,8,111,1,37.67436544,126.7503139
A2118788,Y,Y,Y,Y,중앙대학교광명병원,경기도 광명시 덕안로 110(일직동),1811-7800,02-2222-1351,14,1,9,102,1,37.42459744,126.8859101
A2100007,Y,Y,Y,Y,광명성애병원,"경기도 광명시 디지털로 36, 광명성애병원 (철산동)",02-2680-7114,02-2680-7115,15,1,3,24,1,37.47346147,126.8719226
A2100155,Y,Y,Y,Y,참조은병원,경기도 광주시 광주대로 45 (경안동),1600-9955,031-881-9119,11,1,5,13,1,37.41095383,127.2602238
A2100039,Y,Y,Y,Y,한양대학교구리병원,경기도 구리시 경춘로 153 (교문동),1644-9118,1644-9118,22,1,5,244,1,37.60127601,127.1325076
A2100054,Y,Y,Y,Y,효산의료재단지샘병원,"경기도 군포시 군포로 591 (당동, (G샘병원)군포샘병원)",031-389-3000,031-389-3119,16,1,0,40,1,37.35864465,126.9473597
A2100048,Y,Y,Y,Y,원광대학교산본병원,경기도 군포시 산본로 321 (산본동),031-390-2300,031-390-2345,18,1,5,60,1,37.35978718,126.9333072
A2100053,Y,Y,Y,Y,의료법인우리의료재단김포우리병원,"경기도 김포시 감암로 11, 김포우리병원 (걸포동)",031-999-1000,031-999-1119,13,1,2,44,1,37.63253014,126.7105272
A2100006,Y,Y,Y,Y,의료법인인봉의료재단뉴고려병원,"경기도 김포시 김포한강3로 283, 뉴고려병원 (장기동)",031-998-8129,031-980-9119,15,1,4,49,1,37.64095508,126.6602276
A2100041,Y,Y,Y,Y,남양주한양병원,경기도 남양주시 오남읍 양지로 47-55,031-510-0114,031-510-0119,18,1,4,140,1,37.68238094,127.2043136
A2100037,Y,Y,Y,Y,현대병원,경기도 남양주시 진접읍 봉현로 21,031-574-9118~9,031-574-0114,14,1,5,84,1,37.71548655,127.1798499
A2118188,Y,Y,Y,Y,엘병원,"경기도 남양주시 퇴계원읍 퇴계원로 20, 지하2~지상7층 일부제외호",1899-3377,031-527-6119,8,1,0,11,1,37.64873349,127.1410487
A2100055,Y,Y,Y,Y,부천세종병원,"경기도 부천시 소사구 호현로489번길 28 (소사본동, 세종병원)",1599-6677,032-340-1119,12,1,4,90,1,37.4810049,126.7911674
A2100052,Y,Y,Y,Y,가톨릭대학교부천성모병원,"경기도 부천시 원미구 소사로 327, 가톨릭대학교 부천성모병원 (소사동)",032-1577-0675,032-340-2100,15,1,7,192,1,37.48744774,126.7924346
A2100005,Y,Y,Y,Y,순천향대학교부속부천병원,경기도 부천시 원미구 조마루로 170 (중동),032-621-5114,032-621-5117,19,1,17,232,1,37.49857073,126.7623824
A2100050,Y,Y,Y,Y,의료법인대인의료재단다니엘종합병원,"경기도 부천시 원미구 중동로 361, 다니엘종합병원 (약대동)",032-670-0001,032-670-0119,8,1,3,47,1,37.51232156,126.7694889
A2100001,Y,Y,Y,Y,분당서울대학교병원,"경기도 성남시 분당구 구미로173번길 82 (구미동, 분당서울대학교병원)",031-787-2114,031-787-3119,-14,1,23,393,1,37.35202597,127.1244835
A2100258,Y,Y,Y,Y,국군수도병원,경기도 성남시 분당구 새마을로177번길 81 (율동),031-725-6075,031-725-6119,21,1,3,177,1,37.39186667,127.1485861
A2100025,Y,Y,Y,Y,대진의료재단분당제생병원,경기도 성남시 분당구 서현로180번길 20 (서현동),031-779-0114,031-779-0119,12,1,3,95,1,37.38787138,127.1213282
A2100030,Y,Y,Y,Y,차의과학대학교분당차병원,경기도 성남시 분당구 야탑로 59 (야탑동),031-780-5000,031-780-5840,24,1,12,246,1,37.41011459,127.1250837
A2100016,Y,Y,Y,Y,순천의료재단성남정병원,"경기도 성남시 수정구 수정로 76, 지하3~10층 (수진동)",031-750-6000,031-750-6003,8,1,4,40,1,37.43962497,127.1286392
A2116806,Y,Y,Y,Y,성남시의료원,"경기도 성남시 수정구 수정로171번길 10, 성남시의료원 (태평동)",031-738-7000,031-738-7300,28,1,7,157,1,37.44498429,127.139057
A2100011,Y,Y,Y,Y,성남중앙병원,경기도 성남시 중원구 산성대로476번길 12 (금광동),031-743-3000,031-799-5599,8,1,2,128,1,37.45280321,127.1620954
A2117135,Y,Y,Y,Y,의료법인명인의료재단화홍병원,경기도 수원시 권선구 호매실로90번길 98 (호매실동),031-278-0119,031-8021-6829,15,1,4,15,1,37.26014275,126.9638917
A2100002,Y,Y,Y,Y,아주대학교병원,경기도 수원시 영통구 월드컵로 164 (원천동),031-219-5114,031-219-7777,37,1,16,298,1,37.27944776,127.0475211
A2100032,Y,Y,Y,Y,경기도의료원수원병원,경기도 수원시 장안구 수성로245번길 69 (정자동),031-888-0114,031-888-0119,13,1,3,56,1,37.29188165,126.9963878
A2100175,Y,Y,Y,Y,의료법인토마스의료재단윌스기념병원,경기도 수원시 팔달구 경수대로 437 (인계동),031-223-2233,031-240-6119,10,1,3,18,1,37.26502978,127.0254584
A2100009,Y,Y,Y,Y,의료법인녹산의료재단동수원병원,경기도 수원시 팔달구 중부대로 165 (우만동),031-210-0114,031-210-0119,15,1,4,47,1,37.27816562,127.0343638
A2100012,Y,Y,Y,Y,가톨릭대학교성빈센트병원,경기도 수원시 팔달구 중부대로 93 (지동),031-1577-8588,031-249-7370,5,1,10,237,1,37.27792235,127.0274495
A2100027,Y,Y,Y,Y,의료법인석경의료재단센트럴병원,"경기도 시흥시 공단1대로 237 (정왕동, 센트럴 병원)",031-8041-3000,031-8041-3019,17,1,-1,24,1,37.33640947,126.7276886
A2100008,Y,Y,Y,Y,의료법인남촌의료재단시화병원,"경기도 시흥시 군자천로 381, 시화병원 (정왕동)",1811-7000,031-5189-0567,19,1,5,32,1,37.34995564,126.736971
A2100013,Y,Y,Y,Y,의료법인록향의료재단신천연합병원,"경기도 시흥시 복지로 57, 복지로 61, 2층 (대야동)",031-310-6300,031-310-6661,8,1,3,8,1,37.44454606,126.7893839
A2100017,Y,Y,Y,Y,대아의료재단한도병원,경기도 안산시 단원구 선부광장로 103 (선부동),031-8040-1114,031-8040-1129,20,1,5,54,1,37.33403345,126.8076558
A2100021,Y,Y,Y,Y,의료법인플러스의료재단단원병원,"경기도 안산시 단원구 원포공원1로 20, 동의성단원병원 (초지동)",031-8040-6600,031-8040-5911,13,1,4,24,1,37.30021882,126.8135702
A2100003,Y,Y,Y,Y,고려대학교의과대학부속안산병원,경기도 안산시 단원구 적금로 123 (고잔동),031-1577-7516,031-412-5381,21,1,9,237,1,37.31885818,126.8250018
A2100014,Y,Y,Y,Y,근로복지공단안산병원,"경기도 안산시 상록구 구룡로 87, 근로복지공단안산병원 (일동)",031-500-1114,031-500-1119,6,1,2,104,1,37.31687107,126.8740285
A2100124,Y,Y,Y,Y,의료법인칠석의료재단사랑의병원,"경기도 안산시 상록구 예술광장로 69, 사랑의병원(593-4번지/593-5번지) (성포동)",031-439-3000,031-414-6656,20,1,3,28,1,37.3270204,126.8448635
A2100045,Y,Y,Y,Y,경기도의료원안성병원,"경기도 안성시 남파로 95, 경기도의료원 안성병원 (당왕동)",031-8046-5000,031-8046-5119,14,1,5,81,1,37.01736703,127.2603394
A2100305,Y,Y,Y,Y,안성성모병원,경기도 안성시 시장길 58 (서인동),031-675-6007,031-675-8275,6,1,2,49,1,37.00610346,127.2708443
A2100004,Y,Y,Y,Y,한림대학교성심병원,경기도 안양시 동안구 관평로170번길 22 (평촌동),031-380-1500,031-380-1500,22,1,12,250,1,37.3916512,126.9619708
A2100015,Y,Y,Y,Y,효산의료재단안양샘병원,"경기도 안양시 만안구 삼덕로 9 (안양동, 안양샘병원)",031-467-9717,031-467-9119,12,1,5,63,1,37.39340413,126.9244773
A2100089,Y,Y,Y,Y,양평병원,경기도 양평군 양평읍 중앙로 129,031-770-5000,031-770-5176,9,1,3,10,1,37.49396264,127.5034709
A2100194,Y,Y,Y,Y,세종여주병원,"경기도 여주시 청심로 39, 세종여주병원 (하동)",031-880-7700,031-880-7754,4,1,1,59,1,37.3013258,127.6267202
E2100187,Y,N1,Y,Y,연천군보건의료원,경기도 연천군 전곡읍 은대성로 95,031-839-4001,031-839-4119,10,1,2,46,1,38.02374167,127.0612444
A2100024,Y,Y,Y,Y,오산한국병원,경기도 오산시 밀머리로1번길 16 (원동),031-379-8300,031-378-5119,17,1,5,36,1,37.14122845,127.0753376
A2100020,Y,Y,Y,Y,연세대학교의과대학용인세브란스병원,경기도 용인시 기흥구 동백죽전대로 363 (중동),1899-1004,031-5189-9001,11,1,1,57,1,37.27077583,127.1481886
A2100029,Y,Y,Y,Y,강남병원,"경기도 용인시 기흥구 중부대로 411, 강남병원 (신갈동)",031-300-0114,031-300-0119,17,1,1,39,1,37.27377984,127.1114072
A2100122,Y,Y,Y,Y,(의)효심의료재단용인서울병원,경기도 용인시 처인구 고림로 81 (고림동),031-337-0114,031-336-0119,10,1,2,135,1,37.24031637,127.2144914
A2119056,Y,Y,Y,Y,명주병원,경기도 용인시 처인구 금령로39번길 8-6(김량장동),1522-8119,1522-8119,20,1,6,224,1,37.23514274,127.2010438
A2100019,Y,Y,Y,Y,(의)영문의료재단다보스병원,"경기도 용인시 처인구 백옥대로1082번길 18, 다보스종합병원 (김량장동)",031-8021-2114,031-8021-2130,16,1,5,13,1,37.23464129,127.2104987
A2100034,Y,Y,Y,Y,의료법인영동의료재단의정부백병원,경기도 의정부시 금신로 322 (신곡동),031-856-8111,031-842-1211,10,1,3,63,1,37.74536736,127.0620671
A2117994,Y,Y,Y,Y,학교법인을지학원의정부을지대학교병원,"경기도 의정부시 동일로 712, 을지대학교 의정부캠퍼스 및 부속병원 (금오동)",031-951-1000,031-8074-0119,15,1,3,104,1,37.75182904,127.0506957
A2100040,Y,Y,Y,Y,가톨릭대학교의정부성모병원,"경기도 의정부시 천보로 271, 의정부성모병원 (금오동)",1661-7500,031-820-5200,44,1,7,232,1,37.75865548,127.0776729
A2100150,Y,Y,Y,Y,추병원,경기도 의정부시 평화로 650 (의정부동),031-845-7777,031-845-8313,14,1,3,66,1,37.74996009,127.0450971
A2100043,Y,Y,Y,Y,경기도의료원의정부병원,경기도 의정부시 흥선로 142 (의정부동),318285000,031-828-5119,11,1,3,26,1,37.7410883,127.0425549
A2100193,Y,Y,Y,Y,경기도의료원이천병원,경기도 이천시 경충대로 2742 (관고동),031-630-4200,031-630-4333,19,1,4,62,1,37.28269444,127.4326639
A2100131,Y,Y,Y,Y,메디인병원,경기도 파주시 금릉역로 190(금촌동),319431191,031-570-7912,10,1,0,23,1,37.75804617,126.7748533
A2100035,Y,Y,Y,Y,경기도의료원파주병원,"경기도 파주시 중앙로 207, 경기도립의료원파주병원 (금촌동)",031-940-9100,031-940-9119,20,1,3,81,1,37.75488021,126.7796379
A2100309,Y,Y,Y,Y,의료법인갈렌의료재단박병원,경기도 평택시 송탄로 33 (장당동),031-666-2600,031-662-4119,7,1,2,71,1,37.0482647,127.0570039
A2100028,Y,Y,Y,Y,의료법인백송의료재단굿모닝병원,경기도 평택시 중앙로 338 (합정동),031-5182-7700,031-5182-7582,13,1,0,27,1,36.99057342,127.1204637
A2100022,Y,Y,Y,Y,의료법인박애의료재단박애병원,경기도 평택시 평택2로20번길 3 (평택동),031-652-2121,031-650-9219,9,1,4,126,1,36.99308383,127.089079
A2113246,Y,Y,Y,Y,의료법인양진의료재단평택성모병원,경기도 평택시 평택로 284 (세교동),1800-8800,070-5012-0119,18,1,6,71,1,37.00880991,127.0737157
A2100036,Y,Y,Y,Y,의료법인 일심의료재단 포천우리병원,경기도 포천시 소흘읍 호국로 661,031-542-0222,031-541-8282,8,1,2,61,1,37.82749591,127.1481437
A2100031,Y,Y,Y,Y,경기도의료원포천병원,경기도 포천시 포천로 1648 (신읍동),031-539-9114,031-539-9119,20,1,3,79,1,37.90326402,127.1983186
A2116761,Y,Y,Y,Y,화성디에스병원,"경기도 화성시 남양읍 시청로160번길 46-13, 1,3~8층",1600-5982,031-5180-7777,12,1,2,35,1,37.19922971,126.8257109
A2100046,Y,Y,Y,Y,한림대학교동탄성심병원,경기도 화성시 큰재봉길 7 (석우동),031-8086-3000,031-8086-2119,34,1,9,116,1,37.21665019,127.0800081
A2100018,Y,Y,Y,Y,의료법인은혜와감사의료재단화성중앙종합병원,경기도 화성시 향남읍 발안로 5,031-352-8114,031-371-7998,8,1,3,32,1,37.13118967,126.9103656
A2115699,Y,Y,Y,Y,의료법인원광의료재단원광종합병원,경기도 화성시 화산북로 21 (송산동),031-8077-7200,031-8077-7219,7,1,3,-9,1,37.21006213,127.0080346
A2800008,Y,Y,Y,Y,의료법인거붕백병원,경상남도 거제시 계룡로5길 14 (상동동),055-733-0000,055-733-0180,8,1,3,68,1,34.87367581,128.626057
A2800005,Y,Y,Y,Y,의료법인대우의료재단대우병원,경상남도 거제시 두모길 16 (두모동),055-680-8114,055-680-8119,8,1,3,42,1,34.87222152,128.7221642
A2800022,Y,Y,Y,Y,의료법인 성념의료재단맑은샘병원,경상남도 거제시 연초면 거제대로 4477,055-736-1004,055-736-0119,10,1,1,18,1,34.89793483,128.6437178
A2800076,Y,Y,Y,Y,거창적십자병원,경상남도 거창군 거창읍 중앙로 91,559443251,055-949-3359,10,1,1,29,1,35.68680191,127.9087708
A2800032,Y,Y,Y,Y,강병원,경상남도 고성군 고성읍 중앙로 49,055-673-0101,055-673-4848,10,1,2,32,1,34.97415925,128.3252894
A2803677,Y,Y,Y,Y,강일병원,경상남도 김해시 가락로 359 (구산동),055-822-0100,055-822-0119,11,1,3,44,1,35.25670435,128.8696111
A2800010,Y,Y,Y,Y,의료법인환명의료재단조은금강병원,경상남도 김해시 김해대로 1814-37 (삼계동),055-330-0300,055-330-0200,18,1,1,50,1,35.26230384,128.8615782
A2800014,Y,Y,Y,Y,의료법인갑을의료재단갑을장유병원,경상남도 김해시 장유로 167-13 (부곡동),055-310-6000,055-310-6119,8,1,2,38,1,35.20866716,128.805643
A2800006,Y,Y,Y,Y,의료법인숭인의료재단김해복음병원,경상남도 김해시 활천로 33 (삼정동),055-330-8888,055-330-8844,17,1,2,87,1,35.23048978,128.8935458
A2800094,Y,Y,Y,Y,의료법인 이도의료재단 남해병원,경상남도 남해군 남해읍 화전로 169,055-863-2201,055-860-6630,10,1,2,59,1,34.84640603,127.8942516
A2800057,Y,Y,Y,Y,의료법인생명사랑의료재단밀양윤병원,경상남도 밀양시 삼문중앙로 32 (삼문동),055-354-2200,055-802-7313,12,1,1,55,1,35.48468032,128.7556453
A2800068,Y,Y,Y,Y,의료법인승연의료재단 삼천포서울병원,경상남도 사천시 남일로 33 (동금동),055-835-9900,055-830-9019,9,1,3,45,1,34.93302179,128.0801202
A2800101,Y,Y,Y,Y,삼천포제일병원,"경상남도 사천시 중앙로 136, 삼천포제일병원 (벌리동)",055-833-4400,055-830-3099,9,1,2,92,1,34.93753929,128.0795128
E2800380,N1,N1,Y,Y,산청군보건의료원,경상남도 산청군 산청읍 중앙로 97,055-970-7500,055-970-7582,10,1,,20,1,35.41604632,127.8841959
A2800011,Y,Y,Y,Y,양산부산대학교병원,경상남도 양산시 물금읍 금오로 20,055-360-1000,055-360-1463,19,1,16,462,1,35.32781997,129.0058861
A2800090,Y,N1,Y,Y,의령병원,경상남도 의령군 의령읍 의병로14길 10,055-573-4100,055-573-6806,4,1,,29,1,35.31860563,128.2586798
A2800001,Y,Y,Y,Y,경상국립대학교병원,경상남도 진주시 강남로 79 &#40;칠암동&#41;,055-750-8000,055-750-8282,18,1,15,326,1,35.17634017,128.0956481
A2800084,Y,Y,Y,Y,반도병원,경상남도 진주시 남강로 701 (장대동),557476000,055-749-0200,8,1,3,52,1,35.19175352,128.0882823
A2800015,Y,Y,Y,Y,의료법인 문병욱의료재단 진주고려병원,"경상남도 진주시 동진로 2 (칠암동, 진주고려병원)",055-751-2500,055-751-2525,8,1,0,74,1,35.17849132,128.0922386
A2800043,Y,Y,Y,Y,한일병원,"경상남도 진주시 범골로 17, 한일병원 지하1 1~7층 (충무공동)",055-759-7777,055-750-1333,16,1,1,44,1,35.1669652,128.1285477
A2800037,Y,Y,Y,Y,진주복음병원,경상남도 진주시 진양호로 370 (신안동),055-749-7110,055-749-7119,9,1,3,43,1,35.18537657,128.0693912
A2800003,Y,Y,Y,Y,제일병원,경상남도 진주시 진주대로 885 (강남동),055-750-7123,055-750-7119,14,1,2,40,1,35.17939975,128.0899465
A2800062,N1,Y,Y,Y,태황의료재단한성병원,경상남도 창녕군 창녕읍 교리1길 2,555305000,055-530-5119,9,1,2,43,1,35.54215228,128.4934147
A2800025,Y,Y,Y,Y,경상남도마산의료원,경상남도 창원시 마산합포구 3·15대로 231 (중앙동3가),055-249-1000,055-249-1119,15,1,2,88,1,35.1990682,128.5655198
A2800017,Y,Y,Y,Y,의료법인합포의료재단에스엠지연세병원,"경상남도 창원시 마산합포구 3·15대로 76 (월남동2가, 합포의료재단)",055-243-0100,055-240-7777,17,1,2,75,1,35.1863533,128.5616316
A2800009,Y,Y,Y,Y,의료법인청아의료재단청아병원,경상남도 창원시 마산회원구 내서읍 광려천서로 67 (청아병원),055-230-1500,055-230-1700,9,1,2,96,1,35.24798366,128.5097173
A2800020,Y,Y,Y,Y,학교법인성균관대학삼성창원병원,"경상남도 창원시 마산회원구 팔용로 158 (합성동, 삼성창원병원)",055-233-8899,055-233-6119,21,1,9,279,1,35.24259923,128.5924305
A2803505,Y,Y,Y,Y,창원경상국립대학교병원,"경상남도 창원시 성산구 삼정자로 11 (성주동, 창원경상대학교병원)",055-214-2000,055-214-1339,9,1,10,149,1,35.19921298,128.7078072
A2800007,Y,Y,Y,Y,창원한마음병원,경상남도 창원시 의창구 용동로57번길 8 (사림동),055-225-0000,055-225-0350,19,1,2,73,1,35.23797963,128.6990593
A2800004,Y,Y,Y,Y,창원파티마병원,경상남도 창원시 의창구 창이대로 45 (명서동),055-270-1000,055-270-1119,13,1,3,114,1,35.23724183,128.6444853
A2800021,Y,Y,Y,Y,연세에스병원,경상남도 창원시 진해구 해원로32번길 13 (이동),055-548-7700,055-548-7789,8,1,3,122,1,35.1547321,128.6983353
A2800092,Y,Y,Y,Y,새통영병원,경상남도 통영시 무전7길 192 (무전동),055-646-6000,055-640-4119,9,1,0,76,1,34.86535759,128.4206526
A2800080,Y,Y,Y,Y,함양성심병원,경상남도 함양군 함양읍 고운로 70,055-963-4322,055-964-4322,5,1,2,31,1,35.52046828,127.7292477
A2800055,Y,Y,Y,Y,삼성합천병원,경상남도 합천군 합천읍 대야로 876,055-933-2200,070-5125-5030,5,1,2,10,1,35.56635668,128.1632717
A2700019,Y,Y,Y,Y,의)근원의료재단경산중앙병원,경상북도 경산시 경안로 11 (백천동),053-715-0100,053-715-0119,10,1,3,96,1,35.80882731,128.7401573
A2700036,Y,Y,Y,Y,의료법인서명의료재단세명종합병원,경상북도 경산시 경안로 208 (중방동),053-819-8800,053-819-8500,11,1,3,29,1,35.82621911,128.7374074
A2700003,Y,Y,Y,Y,동국대학교의과대학경주병원,경상북도 경주시 동대로 87 (석장동),054-748-9300,054-770-8306,16,1,4,20,1,35.85839884,129.1966994
A2700070,Y,N1,Y,Y,의료법인영암의료재단고령영생병원,경상북도 고령군 대가야읍 중앙로 33 (영생병원),054-955-2661,070-7475-0024,6,1,1,30,1,35.72995532,128.2720114
A2700013,Y,Y,Y,Y,순천향대학교부속구미병원,"경상북도 구미시 1공단로 179 (공단동, (공단동))",054-468-9114,054-468-9119,13,1,4,78,1,36.10286858,128.3826548
A2700007,Y,Y,Y,Y,차의과학대학교부속구미차병원,경상북도 구미시 신시로10길 12 (형곡동),054-450-9700,054-450-9998,23,1,3,87,1,36.11452808,128.3405465
A2700015,Y,Y,Y,Y,구미강동병원,경상북도 구미시 인동20길 46 (진평동),054-453-7575,054-478-9521,10,1,4,25,1,36.09619886,128.4229779
A2700018,Y,Y,Y,Y,경상북도김천의료원,경상북도 김천시 모암길 24 (모암동),054-432-8901,054-429-8234,18,1,4,46,1,36.12249076,128.1264933
A2700012,Y,Y,Y,Y,의료법인덕산의료재단김천제일병원,경상북도 김천시 신음1길 12 (신음동),054-420-9300,054-420-9500,14,1,4,48,1,36.135342,128.1188238
A2700006,Y,Y,Y,Y,의료법인동춘의료재단문경제일병원,경상북도 문경시 당교3길 25 (모전동),054-550-7700,054-550-7777,18,1,2,62,1,36.58482144,128.1897715
A2700009,Y,Y,Y,Y,의료법인삼백의료재단상주성모병원,경상북도 상주시 냉림서성길 7 (냉림동),054-532-5001,054-530-7811,9,1,2,49,1,36.42029126,128.1597334
A2700011,Y,Y,Y,Y,상주적십자병원,경상북도 상주시 상서문로 53 (남성동),054-534-3501,054-530-3171,10,1,2,100,1,36.41464078,128.1556012
A2700004,Y,Y,Y,Y,안동성소병원,경상북도 안동시 서동문로 99 (금곡동),054-857-2321,054-850-8282,12,1,3,68,1,36.56712693,128.7224535
A2700014,Y,Y,Y,Y,의료법인안동병원,경상북도 안동시 앙실로 11 (수상동),054-840-1004,054-840-0119,9,1,3,87,1,36.54691448,128.7009702
A2700001,Y,Y,Y,Y,경상북도안동의료원,"경상북도 안동시 태사2길 55 (북문동, 470)",054-850-6000,054-850-6100,7,1,4,37,1,36.56826733,128.7321334
A2700031,Y,N1,Y,Y,영주기독병원,경상북도 영주시 구성로 380 (영주동),054-635-6161,054-635-3050,5,1,1,9,1,36.82516127,128.6211481
A2702752,Y,Y,Y,Y,영주적십자병원,"경상북도 영주시 대학로 327-0 (가흥동,영주적십자병원)",054-630-0100,054-630-0112,11,1,2,89,1,36.82525797,128.6040035
A2700017,Y,Y,Y,Y,영남대학교의과대학부속영천병원,경상북도 영천시 오수1길 10 (오수동),543389000,054-330-7575,10,1,4,29,1,35.95732074,128.9130533
A2700023,Y,Y,Y,Y,의료법인서준의료재단예천권병원,경상북도 예천군 예천읍 시장로 136,054-654-6611,054-650-2119,7,1,2,80,1,36.65741645,128.4589049
E2700553,Y,N1,Y,Y,울릉군보건의료원,경상북도 울릉군 울릉읍 울릉순환로 396-18,054-790-6871,054-790-6911,5,1,1,25,1,37.48588602,130.8994771
A2700052,Y,Y,Y,Y,울진군의료원,경상북도 울진군 울진읍 현내항길 71,054-785-7000,054-785-7119,10,1,3,14,1,36.99264956,129.4094916
A2700063,Y,N1,Y,Y,의료법인영제의료재단영남제일병원,경상북도 의성군 안계면 용기4길 36,054-861-9111,054-861-9111,5,1,1,27,1,36.38925517,128.4342949
A2700038,Y,Y,Y,Y,의료법인대남의료재단청도대남병원,경상북도 청도군 화양읍 청화로 79-7,054-373-0606,054-370-5112,8,1,1,93,1,35.64871262,128.7371132
E2700554,N1,N1,Y,Y,청송군보건의료원,경상북도 청송군 청송읍 의료원길 19,054-870-7100,054-870-7119,6,1,,43,1,36.43104059,129.0526609
A2700016,Y,Y,Y,Y,포항성모병원,경상북도 포항시 남구 대잠동길 17 (대잠동),054-272-0151,054-260-8600,23,1,7,46,1,36.01585628,129.3398133
A2700002,Y,Y,Y,Y,포항세명기독병원,경상북도 포항시 남구 포스코대로 351 (대도동),054-275-0005,054-289-1711,4,1,5,141,1,36.01810082,129.3615706
A2700008,Y,Y,Y,Y,에스포항병원,"경상북도 포항시 남구 희망대로 352 (이동, 에스포항병원)",054-289-9000,054-289-9120,6,1,0,66,1,36.0348229,129.3314003
A2702563,Y,Y,Y,Y,의료법인은성의료재단좋은선린병원,경상북도 포항시 북구 대신로 43 (대신동),054-245-5000,054-245-5200,12,1,4,112,1,36.04808906,129.3670434
A2700005,Y,Y,Y,Y,경상북도포항의료원,"경상북도 포항시 북구 용흥로 36 (용흥동, (용흥동))",054-247-0551,054-245-0129,10,1,3,100,1,36.03462413,129.354993
A1500006,Y,Y,Y,Y,신가병원,광주광역시 광산구 목련로 316 (신가동),062-610-8702,062-610-8119,8,1,3,71,1,35.17761944,126.8298
A1502007,Y,Y,Y,Y,광주센트럴병원,"광주광역시 광산구 수완로 6, A동1,3,5,6층/B동동 (신가동)",062-950-9700,062-960-5119,10,1,3,60,1,35.18589374,126.8290995
A1500019,Y,Y,Y,Y,KS병원,광주광역시 광산구 왕버들로 220 (수완동),062-975-9000,062-975-9119,23,1,1,17,1,35.19796318,126.8332248
A1500017,Y,Y,Y,Y,하남성심병원,광주광역시 광산구 용아로 259 하남성심병원 (산정동),062-953-6000,062-958-1250,19,1,3,52,1,35.1664064,126.8008942
A1500018,Y,Y,Y,Y,광주수완병원,광주광역시 광산구 임방울대로 370 (수완동),062-958-1111,062-958-1119,8,1,3,49,1,35.19303617,126.8242093
A1500004,Y,Y,Y,Y,광주보훈병원,광주광역시 광산구 첨단월봉로 99 (산월동),062-602-6021,062-602-6119,15,1,5,124,1,35.20779721,126.8494786
A1500011,Y,Y,Y,Y,첨단종합병원,광주광역시 광산구 첨단중앙로170번길 59 (쌍암동),062-601-8000,062-601-8119,24,1,4,110,1,35.22113374,126.8453021
A1500013,Y,Y,Y,Y,동아병원,광주광역시 남구 대남대로 238 (백운동),062-650-2500,062-650-2515,10,1,6,112,1,35.13476012,126.8999059
A1500009,Y,Y,Y,Y,광주씨티병원,광주광역시 남구 서문대로654번길 5 (진월동),062-460-7000,062-460-7119,10,1,3,63,1,35.11776254,126.8995475
A1500021,Y,Y,Y,Y,광주기독병원,광주광역시 남구 양림로 37 (양림동),062-650-5000,062-650-5119,17,1,2,79,1,35.13668286,126.9119844
A1500002,Y,Y,Y,Y,전남대학교병원,광주광역시 동구 제봉로 42 (학동),18990000,062-220-6801,14,1,10,374,1,35.14185254,126.9215869
A1500001,Y,Y,Y,Y,조선대학교병원,광주광역시 동구 필문대로 365 (서석동),062-220-3373,062-220-3280,17,1,3,197,1,35.13854707,126.9268385
A1500015,Y,Y,Y,Y,광주병원,광주광역시 북구 면앙로139번길 51 (두암동),062-260-7000,062-260-7119,8,1,2,33,1,35.17894921,126.9281507
A1500010,Y,Y,Y,Y,운암한국병원,광주광역시 북구 북문대로 191 (운암동),062-608-8000,062-608-8119,9,1,3,46,1,35.18513334,126.8695698
A1500003,Y,Y,Y,Y,광주현대병원,광주광역시 북구 설죽로 291 (용봉동),062-570-0336,062-570-0119,7,1,2,33,1,35.18565646,126.8979815
A1500005,Y,Y,Y,Y,광주일곡병원,광주광역시 북구 양일로 309 (일곡동),062-608-7013,062-608-7119,9,1,2,33,1,35.2028612,126.8976086
A1500007,Y,Y,Y,Y,광주희망병원,광주광역시 북구 하서로 429 (용두동),062-608-6000,062-608-6119,10,1,2,58,1,35.21344678,126.8747157
A1500020,Y,Y,Y,Y,서광병원,광주광역시 서구 금화로59번길 6 (금호동),062-600-8000,062-600-8119,18,1,1,55,1,35.13256833,126.8555271
A1500022,Y,Y,Y,Y,상무병원,광주광역시 서구 상무자유로 181-7 (치평동),062-600-7000,062-600-7119,9,1,2,77,1,35.15242291,126.8539184
A1500016,Y,Y,Y,Y,광주한국병원,광주광역시 서구 월드컵4강로 223 (쌍촌동),062-380-3000,062-380-3119,15,1,4,42,1,35.15618109,126.8688088
A1500014,Y,Y,Y,Y,미래로21병원,광주광역시 서구 화운로 1 (화정동),062-450-1000,062-450-1119,10,1,2,68,1,35.14102639,126.8852886
A1300034,Y,Y,Y,Y,드림종합병원,대구광역시 남구 대명로 153 (대명동),053-640-8800,053-640-8575,5,1,3,30,1,35.83963451,128.5743546
A1300004,Y,Y,Y,Y,대구가톨릭대학교병원,대구광역시 남구 두류공원로17길 33 (대명동),053-650-3000,053-650-3025,17,1,10,351,1,35.84306559,128.5674262
A1300076,Y,Y,Y,Y,대구굿모닝병원,대구광역시 남구 성당로 224 (대명동),053-620-9100,053-620-9119,8,1,2,44,1,35.85296709,128.5740667
A1300001,Y,Y,Y,Y,영남대학교병원,대구광역시 남구 현충로 170 (대명동),053-623-8001,053-620-3177,17,1,16,358,1,35.84750592,128.5851312
A1300006,Y,Y,Y,Y,의료법인구의료재단구병원,대구광역시 달서구 감삼북길 141 (감삼동),053-560-9016,053-557-7119,3,1,-1,3,1,35.85082314,128.541483
A1300003,Y,Y,Y,Y,계명대학교동산병원,대구광역시 달서구 달구벌대로 1035 (신당동),053-1577-6622,053-258-6301,9,1,13,322,1,35.85388729,128.4801297
A1300110,Y,Y,Y,Y,더블유병원,"대구광역시 달서구 달구벌대로 1632, 1634(2~7층) 더블유병원 (감삼동)",053-550-5000,053-550-5019,1,1,0,19,1,35.85264247,128.5449687
A1300011,Y,Y,Y,Y,한국보훈복지의료공단대구보훈병원,대구광역시 달서구 월곡로 60 (도원동),053-630-7000,053-630-7014,9,1,3,39,1,35.80313747,128.5516464
A1300045,Y,Y,Y,Y,삼일병원,"대구광역시 달서구 월배로 436, 지하1,지상1~11층 (송현동)",053-659-3100,053-659-3119,12,1,0,21,1,35.83274795,128.5538551
A1300038,Y,Y,Y,Y,나사렛종합병원,"대구광역시 달서구 월배로 97, 나사렛병원 (진천동)",053-643-1400,053-643-3119,7,1,5,34,1,35.81470026,128.5250948
A1300018,Y,Y,Y,Y,강남종합병원,"대구광역시 동구 동촌로 207, 강남병원 (방촌동)",053-980-9000,053-980-9018,8,1,3,55,1,35.88300855,128.663456
A1300009,Y,Y,Y,Y,대구파티마병원,대구광역시 동구 아양로 99 (신암동),053-1688-7770,053-940-7119,19,1,6,186,1,35.88393361,128.6238351
A1300005,Y,Y,Y,Y,대구가톨릭대학교칠곡가톨릭병원,대구광역시 북구 칠곡중앙대로 440 (읍내동),053-320-2500,053-320-2111,5,1,3,25,1,35.93487952,128.549252
A1300010,Y,Y,Y,Y,칠곡경북대학교병원,"대구광역시 북구 호국로 807, 칠곡경북대학교병원(임상실습동 1~11층 포함) (학정동)",053-200-2000,053-200-2100,11,1,14,349,1,35.95608306,128.5644085
A1300007,Y,Y,Y,Y,대구의료원,대구광역시 서구 평리로 157 (중리동),053-560-7575,053-560-7288,18,1,4,52,1,35.85962343,128.5405609
A1300081,Y,Y,Y,Y,(재)미리내천주성삼성직수도회천주성삼병원,"대구광역시 수성구 달구벌대로 3190 (신매동, 천주성삼병원)",053-790-1000,053-790-0555,6,1,3,15,1,35.84022545,128.7057334
A1300008,Y,Y,Y,Y,곽병원,대구광역시 중구 국채보상로 531 (수동),053-252-2401,053-605-3333,8,1,1,49,1,35.87069315,128.5887281
A1303386,Y,Y,Y,Y,계명대학교대구동산병원,"대구광역시 중구 달성로 56, 계명대학교대구동산병원 (동산동)",053-250-8114,053-250-8481,10,1,2,53,1,35.86945965,128.5829311
A1300002,Y,Y,Y,Y,경북대학교병원,"대구광역시 중구 동덕로 130 (삼덕동2가, 경북대학교병원)",053-200-5114,053-200-5100,6,1,9,167,1,35.8662355,128.6043147
A1600004,Y,Y,Y,Y,대전보훈병원,대전광역시 대덕구 대청로82번길 147 (신탄진동),042-939-0111,042-939-0100,8,1,4,80,1,36.44693659,127.4394081
A1600003,Y,Y,Y,Y,대전한국병원,대전광역시 동구 동서대로 1672 (성남동),042-606-1000,042-606-1119,4,1,3,33,1,36.34831776,127.4357505
A1602246,Y,Y,Y,Y,대청병원,"대전광역시 서구 계백로 1322 (정림동, 대청병원)",1899-6075,042-589-0119,10,1,2,94,1,36.30828633,127.3705533
A1600006,Y,Y,Y,Y,학교법인건양교육재단건양대학교병원,"대전광역시 서구 관저동로 158, 건양대학교병원 &#40;관저동&#41;",1577-3330,042-600-9119,24,1,15,215,1,36.3067117,127.3426305
A1600002,Y,Y,Y,Y,학교법인을지학원대전을지대학교병원,대전광역시 서구 둔산서로 95 (둔산동),042-611-3000,042-259-1119,21,1,9,44,1,36.35506871,127.3819996
A1600007,Y,Y,Y,Y,의료법인영훈의료재단유성선병원,대전광역시 유성구 북유성대로 93 (지족동),042-609-1000,042-609-1119,11,1,0,33,1,36.37535497,127.3249136
A1600005,Y,Y,Y,Y,학교법인가톨릭학원가톨릭대학교대전성모병원,대전광역시 중구 대흥로 64 (대흥동),042-220-9114,042-220-9118,11,1,6,228,1,36.3230249,127.4202731
A1600008,Y,Y,Y,Y,의료법인영훈의료재단대전선병원,"대전광역시 중구 목중로 29 (목동, 선병원)",042-220-8000,042-220-8129,11,1,4,31,1,36.33596211,127.4101106
A1600001,Y,Y,Y,Y,충남대학교병원,"대전광역시 중구 문화로 282 (대사동, 충남대학교병원)",1599-7123,042-280-8129,11,1,8,283,1,36.31696055,127.4154613
A1200028,Y,Y,Y,Y,(의)서일의료재단기장병원,부산광역시 기장군 기장읍 대청로72번길 6,051-723-0171,051-723-2119,10,1,3,29,1,35.23602946,129.2164916
A1200015,Y,Y,Y,Y,동남권원자력의학원원자력병원,부산광역시 기장군 장안읍 좌동길 40,051-720-5114,051-720-5911,7,1,4,52,1,35.32141899,129.2436492
A1200013,Y,Y,Y,Y,부산성모병원(재단법인 천주교부산교구유지재단),부산광역시 남구 용호로232번길 25-14 (용호동),051-933-7114,051-933-7119,11,1,6,86,1,35.11045733,129.109192
A1200026,Y,Y,Y,Y,좋은문화병원,부산광역시 동구 범일로 119 (범일동),051-644-2002,051-630-0909,11,1,4,19,1,35.14072399,129.0590638
A1200017,Y,Y,Y,Y,의료법인정화의료재단 봉생기념병원,"부산광역시 동구 중앙대로 401 &#40;좌천동, 봉생병원&#41;",051-664-4000,051-664-4119,9,1,8,15,1,35.13085784,129.0505709
A1200011,Y,Y,Y,Y,동래봉생병원,부산광역시 동래구 안연로109번길 27 (안락동),051-531-6000,051-520-5700,10,1,3,68,1,35.19694648,129.0961666
A1200018,Y,Y,Y,Y,대동병원,부산광역시 동래구 충렬대로 187 (명륜동),051-554-1233,051-550-9391,17,1,4,38,1,35.20427317,129.0802155
A1200009,Y,Y,Y,Y,의료법인 광혜의료재단 광혜병원,"부산광역시 동래구 충렬대로 96 (온천동, 광혜병원)",051-503-2111,051-504-2119,12,1,2,28,1,35.20703333,129.0711361
A1200020,Y,Y,Y,Y,의료법인 온그룹의료재단 온종합병원,"부산광역시 부산진구 가야대로 719, 767, 721, 본관 지하3~5층, 본관 6~11층 전부, 본관 12층 일부, 본관 13~14층 전부, (당감동)",051-607-0114,051-607-0139,22,1,7,91,1,35.15787736,129.0499844
A1200001,Y,Y,Y,Y,인제대학교부산백병원,"부산광역시 부산진구 복지로 75, 진사로83번길 81, 1층(일부), 3층 (개금동)",051-890-6114,051-890-5995,29,1,7,307,1,35.14645447,129.0205715
A1200019,Y,Y,Y,Y,학교법인)동의병원,"부산광역시 부산진구 양정로 62, 지상2ㆍ3ㆍ10층 각 일부/ 지하1ㆍ지상1ㆍ지상4~지상8층 전층 (양정동)",051-867-5101,051-850-8777,12,1,1,155,1,35.16992217,129.0767444
A1200025,Y,Y,Y,Y,학교법인 춘해병원,"부산광역시 부산진구 중앙대로 605, 지상1층~지상9층 (범천동)",051-638-8000,051-608-0119,9,1,2,106,1,35.14703698,129.0585477
A1200045,Y,Y,Y,Y,구포성심병원,부산광역시 북구 낙동대로 1786 (구포동),051-330-2001,051-330-2090,8,1,4,54,1,35.20971003,129.004751
A1200006,Y,Y,Y,Y,의료법인 인당의료재단 부민병원,부산광역시 북구 만덕대로 59 (덕천동),051-330-3000,051-330-3129,7,1,1,12,1,35.21191432,129.0112123
A1200005,Y,Y,Y,Y,의료법인은성의료재단좋은삼선병원,"부산광역시 사상구 가야대로 326, 좋은삼선병원 (주례동)",051-322-0900,051-310-9119,12,1,3,22,1,35.15056774,129.0081979
A1200016,Y,Y,Y,Y,한국보훈복지의료공단 부산보훈병원,부산광역시 사상구 백양대로 420 (주례동),051-601-6000,051-601-6180,8,1,7,54,1,35.15333437,129.0065651
A1200004,Y,Y,Y,Y,고신대학교복음병원,부산광역시 서구 감천로 262 (암남동),051-990-6114,051-990-6200,17,1,5,220,1,35.08029169,129.0157202
A1200002,Y,Y,Y,Y,부산대학교병원,부산광역시 서구 구덕로 179 (아미동1가),051-240-7000,051-240-7776,21,1,18,610,1,35.10105418,129.0192221
A1200003,Y,Y,Y,Y,동아대학교병원,부산광역시 서구 대신공원로 26 (동대신동3가),051-240-2400,051-240-5300,5,1,15,237,1,35.12000584,129.0176037
A1200021,Y,Y,Y,Y,삼육부산병원,부산광역시 서구 대티로 170 (서대신동2가),051-242-9751,051-600-7750,2,1,1,21,1,35.11177721,129.0107498
A1200008,Y,Y,Y,Y,의료법인 은성의료재단 좋은강안병원,부산광역시 수영구 수영로 493 (남천동),051-625-0900,051-610-9119,12,1,4,52,1,35.15015906,129.1107243
A1200007,Y,Y,Y,Y,비에이치에스한서병원,부산광역시 수영구 수영로 615 (광안동),051-756-0081,051-998-1119,13,1,2,72,1,35.16104606,129.1128811
A1200098,Y,Y,Y,Y,의료법인 센텀의료재단 센텀종합병원,부산광역시 수영구 수영로679번길 8 (광안동),051-750-5000,051-750-5119,10,1,9,22,1,35.16637129,129.1146683
A1200024,Y,Y,Y,Y,부산광역시의료원,"부산광역시 연제구 월드컵대로 359 (거제동, 1동, 5동일부)",051-507-3000,051-607-2140,14,1,3,154,1,35.18731265,129.0591792
A1200012,Y,Y,Y,Y,의료법인 행도의료재단 해동병원,부산광역시 영도구 태종로 133 (봉래동3가),051-412-6161,051-410-6688,7,1,1,35,1,35.09194298,129.0438643
A1200014,Y,Y,Y,Y,영도병원,부산광역시 영도구 태종로 85 (대교동2가),051-414-8101,051-419-7575,9,1,1,47,1,35.0922712,129.0405371
A1200023,Y,Y,Y,Y,재단법인천주교부산교구유지재단 메리놀병원,부산광역시 중구 중구로 121 (대청동4가),051-465-8801,051-461-2300,10,1,5,74,1,35.10758097,129.0324638
A1205143,Y,Y,Y,Y,의료법인 인당의료재단 해운대부민병원,부산광역시 해운대구 해운대로 584 (우동),051-602-8000,051-602-8119,7,1,3,28,1,35.16142041,129.1556561
A1200022,Y,Y,Y,Y,인제대학교 해운대백병원,부산광역시 해운대구 해운대로 875 (좌동),051-797-0100,051-797-0135,6,1,6,199,1,35.17334314,129.1821812
A1100015,Y,Y,Y,Y,연세대학교의과대학 강남세브란스병원,"서울특별시 강남구 언주로 211, 강남세브란스병원 (도곡동)",02-2019-3114,02-2019-3333,7,1,0,250,1,37.49280698,127.0463125
A1100010,Y,Y,Y,Y,삼성서울병원,"서울특별시 강남구 일원로 81 (일원동, 삼성의료원)",02-3410-2114,02-3410-2060,1,1,26,485,1,37.48851613,127.0866825
A1100043,Y,Y,Y,Y,강동경희대학교의대병원,서울특별시 강동구 동남로 892 (상일동),02-440-7114,02-440-7000,12,1,12,221,1,37.55204593,127.1570848
A1100028,Y,Y,Y,Y,성심의료재단강동성심병원,서울특별시 강동구 성안로 150 (길동),02-2224-2114,02-2224-2358,18,1,10,215,1,37.53598408,127.1352635
A1100053,Y,Y,Y,Y,한국보훈복지의료공단 중앙보훈병원,서울특별시 강동구 진황도로61길 53 (둔촌동),02-2225-1111,02-2225-1100,14,1,8,313,1,37.5282209,127.1467189
A1120796,Y,Y,Y,Y,이화여자대학교의과대학부속서울병원,"서울특별시 강서구 공항대로 260, 이화의대부속서울병원 (마곡동)",1522-7000,02-6986-5119,8,1,7,123,1,37.55726115,126.8362659
A1100036,Y,Y,Y,Y,부민병원,"서울특별시 강서구 공항대로 389, 부민병원 (등촌동)",1577-7582,02-2620-0119,9,1,4,51,1,37.55694089,126.8509495
A1100041,Y,Y,Y,Y,의료법인서울효천의료재단에이치플러스양지병원,"서울특별시 관악구 남부순환로 1636, 양지병원 (신림동)",02-1877-8875,070-4665-9119,10,1,1,29,1,37.48427507,126.9325392
A1100002,Y,Y,Y,Y,건국대학교병원,서울특별시 광진구 능동로 120-1 (화양동),1588-1533,02-2030-5555,6,1,11,273,1,37.54084479,127.0721229
A1100051,Y,Y,Y,Y,혜민병원,서울특별시 광진구 자양로 85 (자양동),02-2049-9000,02-2049-9119,10,1,4,16,1,37.53531566,127.0836013
A1100026,Y,Y,Y,Y,구로성심병원,"서울특별시 구로구 경인로 427, 구로성심병원 &#40;고척동&#41;",02-2067-1500,02-2067-1515,9,1,1,43,1,37.49964579,126.8663604
A1100014,Y,Y,Y,Y,고려대학교의과대학부속구로병원,"서울특별시 구로구 구로동로 148, 고려대부속구로병원 &#40;구로동&#41;",02-2626-1114,02-2626-1550,14,1,12,245,1,37.49211115,126.8847449
A1100049,Y,Y,Y,Y,희명병원,서울특별시 금천구 시흥대로 244 (시흥동),02-804-0002,02-809-0122,4,1,3,21,1,37.45567063,126.9005625
A1100027,Y,Y,Y,Y,한국원자력의학원원자력병원,"서울특별시 노원구 노원로 75, 한국원자력의학원 (공릉동)",02-970-2114,02-970-2620,8,1,9,167,1,37.62881598,127.0826932
A1100016,Y,Y,Y,Y,인제대학교상계백병원,"서울특별시 노원구 동일로 1342, 상계백병원 (상계동)",02-950-1114,02-950-1119,16,1,10,99,1,37.64858127,127.0631162
A1100048,Y,Y,Y,Y,노원을지대학교병원,"서울특별시 노원구 한글비석로 68, 을지병원 (하계동)",02-970-8000,02-970-8282,14,1,8,224,1,37.63644293,127.0700028
A1100020,Y,Y,Y,Y,의료법인한전의료재단 한일병원,"서울특별시 도봉구 우이천로 308, 한일병원 &#40;쌍문동&#41;",02-901-3114,02-901-3119,18,1,5,79,1,37.6461157,127.0290242
A1100001,Y,Y,Y,Y,경희대학교병원,서울특별시 동대문구 경희대로 23 (회기동),02-958-8114,02-958-8114,16,1,10,252,1,37.59387655,127.0518322
A1100021,Y,Y,Y,Y,삼육서울병원,서울특별시 동대문구 망우로 82 (휘경동),02-2244-0191,02-2210-3566,9,1,2,73,1,37.587992,127.0653288
A1100022,Y,Y,Y,Y,서울특별시 동부병원,서울특별시 동대문구 무학로 124 (용두동),02-920-9307,02-920-9119,8,1,3,35,1,37.57539886,127.0314026
A1100050,Y,Y,Y,Y,서울성심병원,"서울특별시 동대문구 왕산로 259, 서울성심병원 (청량리동)",02-966-1616,02-966-1616,18,1,3,73,1,37.58419129,127.0498381
A1100040,Y,Y,Y,Y,서울특별시보라매병원,서울특별시 동작구 보라매로5길 20 (신대방동),02-870-2114,02-870-2119,30,1,3,323,1,37.4937184,126.9240488
A1100003,Y,Y,Y,Y,중앙대학교병원,서울특별시 동작구 흑석로 102 (흑석동),1800-1114,02-6299-1338,15,1,3,344,1,37.50707428,126.9607938
A1100007,Y,Y,Y,Y,연세대학교의과대학세브란스병원,서울특별시 서대문구 연세로 50-1 (신촌동),15991004,02-2227-7777,14,1,17,696,1,37.56211711,126.9408277
A1100025,Y,Y,Y,Y,의료법인동신의료재단동신병원,"서울특별시 서대문구 연희로 272, 동신병원 본관동 (홍은동)",02-396-9161,02-396-9161,9,1,1,80,1,37.58110428,126.9365831
A1100012,Y,Y,Y,Y,학교법인가톨릭학원가톨릭대학교서울성모병원,서울특별시 서초구 반포대로 222 (반포동),215881511,02-2258-2370,14,1,11,374,1,37.5018008,127.0047273
A1100013,Y,Y,Y,Y,한양대학교병원,서울특별시 성동구 왕십리로 222-1 (사근동),02-2290-8114,02-2290-8284,10,1,12,325,1,37.55994453,127.0448828
A1100008,Y,Y,Y,Y,학교법인 고려중앙학원 고려대학교의과대학부속병원(안암병원),"서울특별시 성북구 고려대로 73, 고려대병원 (안암동5가)",1577-0083,02-920-5374,22,1,8,194,1,37.58715608,127.0264709
A1100039,Y,Y,Y,Y,경찰병원,"서울특별시 송파구 송이로 123, 국립경찰병원 (가락동)",02-3400-1114,02-3400-1300,1,1,7,145,1,37.49641321,127.1234879
A1100009,Y,Y,Y,Y,재단법인아산사회복지재단 서울아산병원,"서울특별시 송파구 올림픽로43길 88, 서울아산병원 (풍납동)",02-3010-3114,02-3010-3333,3,1,26,1128,1,37.52656397,127.1082383
A1100019,Y,Y,Y,Y,홍익병원,"서울특별시 양천구 목동로 225, 홍익병원본관 (신정동)",02-2693-5555,02-2600-0777,8,1,2,81,1,37.52844147,126.863664
A1100223,Y,Y,Y,Y,서울특별시서남병원,서울특별시 양천구 신정이펜1로 20 (신정동),1566-6688,02-6300-9129,7,1,2,29,1,37.51201936,126.8331299
A1100005,Y,Y,Y,Y,이화여자대학교의과대학부속목동병원,서울특별시 양천구 안양천로 1071 (목동),02-2650-5114,02-2650-5911,30,1,3,98,1,37.53654283,126.886216
A1100011,Y,Y,Y,Y,가톨릭대학교여의도성모병원,"서울특별시 영등포구 63로 10, 여의도성모병원 (여의도동)",1661-7575,02-3779-1188,17,1,8,68,1,37.51827234,126.9367313
A1100024,Y,Y,Y,Y,명지성모병원,"서울특별시 영등포구 도림로 156, 명지성모병원 (대림동)",1899-1475,02-829-7800,8,1,3,68,1,37.49385071,126.8992545
A1100037,Y,Y,Y,Y,대림성모병원,"서울특별시 영등포구 시흥대로 657 (대림동, 대림성모병원)",02-829-9000,02-829-9129,6,1,-1,13,1,37.49068925,126.9071695
A1100055,Y,Y,Y,Y,한림대학교강남성심병원,"서울특별시 영등포구 신길로 1 (대림동, 강남성심병원)",02-829-5114,02-829-5119,23,1,6,129,1,37.49324929,126.9086725
A1100054,Y,Y,Y,Y,성애의료재단성애병원,"서울특별시 영등포구 여의대방로53길 22 (신길동, 성애병원)",02-840-7114,02-840-7115,16,1,4,52,1,37.51205045,126.9223673
A1100004,Y,Y,Y,Y,순천향대학교 부속 서울병원,서울특별시 용산구 대사관로 59 (한남동),02-709-9114,02-709-9117,20,1,10,237,1,37.53384172,127.004418
A1121013,Y,Y,Y,Y,가톨릭대학교은평성모병원,서울특별시 은평구 통일로 1021 (진관동),02-1811-7755,02-1811-7755,10,1,7,148,1,37.63360841,126.9161505
A1100023,Y,Y,Y,Y,의료법인청구성심병원,서울특별시 은평구 통일로 873 (갈현동),02-350-3300,02-383-0129,8,1,2,19,1,37.62079154,126.919554
A1100017,Y,Y,Y,Y,서울대학교병원,서울특별시 종로구 대학로 101 (연건동),02-1588-5700,02-2072-2475,1,1,34,566,1,37.57966609,126.9989631
A1100006,Y,Y,Y,Y,강북삼성병원,서울특별시 종로구 새문안로 29 (평동),02-2001-2001,02-2001-1000,6,1,3,190,1,37.56849763,126.9679381
A1100029,Y,Y,Y,Y,서울적십자병원,"서울특별시 종로구 새문안로 9, 적십자병원 (평동)",02-2002-8000,02-2002-8888,11,1,3,96,1,37.56715536,126.9669986
A1100032,Y,Y,Y,Y,세란병원,서울특별시 종로구 통일로 256 (무악동),02-737-0181,02-737-0181,7,1,7,12,1,37.57534017,126.9577072
A1100052,Y,Y,Y,Y,국립중앙의료원,"서울특별시 중구 을지로 245, 국립중앙의료원 (을지로6가)",02-2260-7114,02-2276-2114,23,1,2,97,1,37.56733956,127.0057954
A1100075,Y,Y,Y,Y,의료법인풍산의료재단동부제일병원,"서울특별시 중랑구 망우로 511, 동부제일병원 지하1~6층 (망우동)",02-437-5011,02-490-8880,8,1,2,48,1,37.60067565,127.1090292
A1100044,Y,Y,Y,Y,녹색병원,서울특별시 중랑구 사가정로49길 53 (면목동),02-490-2000,02-490-2113,11,1,3,55,1,37.58362084,127.0860555
A1100035,Y,Y,Y,Y,서울특별시서울의료원,서울특별시 중랑구 신내로 156 (신내동),02-2276-7000,02-2276-7403,15,1,5,220,1,37.61286932,127.0980911
A1800441,Y,Y,Y,Y,세종충남대학교병원,"세종특별자치시 보듬7로 20, 세종충남대학교병원 (도담동)",1800-3114,044-995-3010,16,1,2,118,1,36.51951336,127.2579427
A1800417,Y,Y,Y,Y,의료법인 영제 의료재단 엔케이세종병원,"세종특별자치시 한누리대로 161, 세종시 NK리움힐 상가 1~8층 (나성동)",044-850-7700,044-850-7705,11,1,1,110,1,36.47962251,127.2622562
A1700028,Y,Y,Y,Y,의료법인정안의료재단중앙병원,"울산광역시 남구 문수로 472, 중앙병원 (신정동)",052-226-1100,052-226-1119,17,1,4,54,1,35.53208762,129.3048401
A1700011,Y,Y,Y,Y,의료법인은성의료재단좋은삼정병원,울산광역시 남구 북부순환도로 51 (무거동),052-220-7500,052-220-7600,8,1,2,55,1,35.55282642,129.2689979
A1700003,Y,Y,Y,Y,울산병원,울산광역시 남구 월평로171번길 13 (신정동),052-259-5000,052-259-5119,17,1,2,65,1,35.54621708,129.3230996
A1700004,Y,Y,Y,Y,학교법인울산공업학원울산대학교병원,"울산광역시 동구 대학병원로 25, 울산대학교병원 (전하동)",052-250-7000,052-250-7000,14,1,11,257,1,35.52005932,129.4288047
A1700025,Y,Y,Y,Y,의료법인송은의료재단울산시티병원,울산광역시 북구 산업로 1007 (연암동),052-280-9000,052-280-9119,20,1,7,0,1,35.5828537,129.3590574
A1700001,Y,Y,Y,Y,서울산보람병원,"울산광역시 울주군 삼남읍 중평로 53, 서울산보람병원",052-255-7114,052-255-7119,6,1,3,63,1,35.55991148,129.120713
A1700002,Y,Y,Y,Y,의료법인동강의료재단동강병원,울산광역시 중구 태화로 239 (태화동),052-241-1114,052-241-1190,21,1,2,81,1,35.55340951,129.3019429
A1403617,Y,N1,Y,Y,비에스종합병원,인천광역시 강화군 강화읍 충렬사로 31,032-290-0001,032-290-0119,7,1,1,128,1,37.73605305,126.485707
A1403372,Y,Y,Y,Y,인천세종병원,"인천광역시 계양구 계양문화로 20-  (작전동, (작전동))",032-240-8000,032-240-8119,14,1,4,31,1,37.53253828,126.7368531
A1400014,Y,Y,Y,Y,의료법인인성의료재단한림병원,인천광역시 계양구 장제로 722 (작전동),032-540-9114,032-540-9119,19,1,2,62,1,37.53218449,126.734355
A1400001,Y,Y,Y,Y,의료법인 길의료재단 길병원,"인천광역시 남동구 남동대로774번길 21 (구월동, 가천대학교길병원)",032-460-3548,032-460-3012,21,1,12,473,1,37.45208025,126.7091617
A1403871,Y,Y,Y,Y,인천힘찬종합병원,"인천광역시 남동구 논현로 72, 인천힘찬종합병원 (논현동)",032-1899-2220,032-459-3168,15,1,4,53,1,37.40106232,126.7146868
A1400017,Y,Y,Y,Y,인천광역시의료원,"인천광역시 동구 방축로 217 (송림동, 인천광역시 의료원)",032-580-6000,032-580-6119,14,1,6,45,1,37.47884441,126.6686105
A1400007,Y,Y,Y,Y,의료법인 성수의료재단 인천백병원,인천광역시 동구 샛골로 214 (송림동),032-765-7070,032-280-8119,5,1,3,37,1,37.47725814,126.6485041
A1400004,Y,Y,Y,Y,현대유비스병원,인천광역시 미추홀구 독배로 503 (숭의동),032-888-7575,032-890-5582,16,1,2,25,1,37.46174383,126.6431417
A1400016,Y,Y,Y,Y,인천사랑병원,인천광역시 미추홀구 미추홀대로 726 (주안동),032-425-2001,032-457-2119,10,1,2,35,1,37.4620682,126.6803451
A1400012,Y,Y,Y,Y,가톨릭대학교 인천성모병원,인천광역시 부평구 동수로 56 (부평동),032-280-6364,032-280-6107,13,1,11,250,1,37.48455865,126.7247081
A1400013,Y,Y,Y,Y,안은의료재단 부평세림병원,"인천광역시 부평구 부평대로 175 (청천동, 세림병원)",032-509-5555,032-509-5777,15,1,1,41,1,37.50684251,126.7199468
A1400015,Y,Y,Y,Y,가톨릭관동대학교국제성모병원,"인천광역시 서구 심곡로100번길 25 (심곡동, 인천국제성모병원)",1600-8291,032-290-3065,13,1,1,104,1,37.54237265,126.6836049
A1400005,Y,Y,Y,Y,온누리병원,인천광역시 서구 완정로 199 (왕길동),032-567-6200,032-568-9112,6,1,0,40,1,37.60280557,126.6543087
A1400003,Y,Y,Y,Y,의료법인 루가의료재단 나은병원,"인천광역시 서구 원적로 23 (가좌동, 원적로 27번길 11(가좌동))",032-584-0114,032-584-4119,11,1,6,62,1,37.48905341,126.6794507
A1400010,Y,Y,Y,Y,검단탑병원,인천광역시 서구 청마로19번길 5 (당하동),032-590-0114,032-590-0077,19,1,3,51,1,37.59241914,126.6710401
A1400008,Y,Y,Y,Y,(의)성세의료재단 뉴성민병원,"인천광역시 서구 칠천왕로33번길 17 (석남동, 신석로 70(석남1동, 성민병원))",032-726-1000,032-726-1190,6,1,4,164,1,37.50899368,126.6694786
A1400011,Y,Y,Y,Y,의료법인나사렛의료재단나사렛국제병원,"인천광역시 연수구 먼우금로 98 (동춘동, 나사렛국제병원)",032-899-9999,032-899-9699,16,1,3,26,1,37.40799111,126.6704694
A1400018,Y,Y,Y,Y,인천적십자병원,"인천광역시 연수구 원인재로 263 (연수동, 인천적십자병원)",032-899-4000,032-899-4118,10,1,3,80,1,37.41856693,126.6875335
A1400037,Y,N1,Y,Y,인천광역시의료원백령병원,"인천광역시 옹진군 백령면 백령로 233, 인천광역시의료원 백령병원",032-836-1731,032-836-1732,5,1,1,30,1,37.96801575,124.7211131
A1400009,Y,Y,Y,Y,인천기독병원,인천광역시 중구 답동로30번길 10 (율목동),032-270-8000,032-270-8300,9,1,4,25,1,37.47122874,126.632081
A1400002,Y,Y,Y,Y,인하대학교의과대학부속병원,인천광역시 중구 인항로 27 (신흥동3가),032-890-2114,032-890-2301,19,1,6,273,1,37.4584235,126.6318683
A2600050,Y,Y,Y,Y,전라남도강진의료원,전라남도 강진군 강진읍 탐진로 5,061-433-2167,061-430-1109,12,1,3,154,1,34.63681861,126.7578995
A2600018,Y,Y,Y,Y,의료법인영성의료재단고흥종합병원,전라남도 고흥군 고흥읍 고흥로 1935,061-832-1911,061-830-3118,7,1,2,174,1,34.62039308,127.2937137
A2600068,Y,Y,Y,Y,의료법인장호의료재단녹동현대병원,전라남도 고흥군 도양읍 차경구렁목길 215,061-840-1200,061-840-1119,4,1,2,53,1,34.54619391,127.1456978
A2600029,Y,N1,Y,Y,곡성사랑병원,전라남도 곡성군 곡성읍 곡성로 761,061-360-6000,061-360-6008,6,1,1,8,1,35.27628371,127.287976
A2600006,Y,Y,Y,Y,광양사랑병원,전라남도 광양시 공영로 71 (중동),061-797-7000,061-797-7119,10,1,0,37,1,34.93614549,127.6969511
A2600024,Y,Y,Y,Y,의료법인 현경의료재단 광양서울병원,전라남도 광양시 진등길 93 (마동),061-798-9800,061-798-9819,10,1,3,44,1,34.95791201,127.6905571
A2600061,Y,N1,Y,Y,구례병원,전라남도 구례군 구례읍 동편제길 4,061780-3300,061-780-3200,10,1,1,27,1,35.21590095,127.4640601
A2600016,Y,Y,Y,Y,나주종합병원,전라남도 나주시 영산로 5419 (성북동),061-330-6114,061-330-6112,4,1,2,47,1,35.03640278,126.7214361
A2602211,Y,Y,Y,Y,빛가람종합병원,전라남도 나주시 정보화길 49-0 (빛가람동),061-820-0820,061-820-0909,9,1,1,20,1,35.02420484,126.7987474
A2600054,Y,N1,Y,Y,담양사랑병원,전라남도 담양군 담양읍 천변7길 19,061-380-9000,061-380-9119,8,1,2,54,1,35.31524596,126.9826308
A2600007,Y,Y,Y,Y,의료법인해민의료재단 세안종합병원,전라남도 목포시 고하대로 795-2 (연산동),061-260-6700,061-260-6666,9,1,2,53,1,34.8170301,126.3803394
A2600020,Y,Y,Y,Y,목포기독병원,전라남도 목포시 백년대로 303 (상동),061-280-7500,061-280-7119,12,1,4,81,1,34.80450726,126.4204246
A2600011,Y,Y,Y,Y,목포한국병원,전라남도 목포시 영산로 483 (상동),061-270-5500,061-270-5666,14,1,2,85,1,34.80921458,126.4163392
A2600017,Y,Y,Y,Y,의료법인목포구암의료재단목포중앙병원,전라남도 목포시 영산로 627 (석현동),061-280-3000,061-280-3119,14,1,4,101,1,34.82080732,126.4213809
A2600022,Y,Y,Y,Y,목포시의료원,"전라남도 목포시 이로로 18 (용해동, (용해동))",061-260-6500,061-260-6400,9,1,2,122,1,34.80395501,126.4053871
A2600003,Y,Y,Y,Y,대송의료재단무안병원,전라남도 무안군 무안읍 몽탄로 65,061-450-3000,061-450-3119,5,1,1,61,1,34.99175918,126.4892607
A2600052,Y,N1,Y,Y,보성아산병원,전라남도 보성군 미력면 가평길 36-17,061-850-3410,061-850-3119,8,1,2,51,1,34.77547052,127.1042841
A2600066,Y,N1,Y,Y,의료법인삼호의료재단벌교삼호병원,전라남도 보성군 벌교읍 남하로 12,061-859-5000,061-859-5119,7,1,1,32,1,34.83384675,127.3457323
A2600008,Y,Y,Y,Y,순천제일병원,전라남도 순천시 기적의도서관1길 3 (조례동),061-720-3413,061-720-3800,10,1,2,29,1,34.9542246,127.5238565
A2600056,Y,Y,Y,Y,전라남도순천의료원,전라남도 순천시 서문성터길 2 (매곡동),061-759-9114,061-759-9119,11,1,3,48,1,34.95798909,127.4830361
A2600019,Y,Y,Y,Y,성가롤로병원,전라남도 순천시 순광로 221 (조례동),061-720-2000,061-720-6119,14,1,6,128,1,34.96342524,127.5423089
A2600005,Y,Y,Y,Y,의료법인한국의료재단한국병원,전라남도 순천시 우명길 42 (연향동),061-740-5000,061-740-5119,10,1,3,71,1,34.94774146,127.5123584
A2600004,Y,Y,Y,Y,순천중앙병원,전라남도 순천시 장명로 5 (장천동),061-743-9021,061-749-5119,4,1,2,68,1,34.95165645,127.4844113
A2600051,Y,N1,Y,Y,의료법인신안대우병원,전라남도 신안군 비금면 송치길 155-11,061-262-3301,061-262-3309,5,1,,24,1,34.7222631,125.9325657
A2600014,Y,Y,Y,Y,여천전남병원,전라남도 여수시 무선로 95 (선원동),061-690-6900,061-690-6118,19,1,5,118,1,34.76918041,127.6540427
A2600027,Y,Y,Y,Y,의료법인한마음의료재단 여수제일병원,"전라남도 여수시 쌍봉로 70 (학동, (학동))",061689-8123,061-689-8119,7,1,6,50,1,34.76616667,127.6635583
A2600010,Y,Y,Y,Y,여수전남병원,"전라남도 여수시 좌수영로 49 (광무동, 전남병원)",061-640-7575,061-640-7118,8,1,4,80,1,34.7450192,127.7280841
A2600034,Y,Y,Y,Y,의료법인 거명의료재단 영광기독병원,전라남도 영광군 영광읍 신남로 265,061-350-3000,061-350-3080,11,1,1,52,1,35.27495936,126.5108759
A2600015,Y,Y,Y,Y,영광종합병원,"전라남도 영광군 영광읍 와룡로 3,",061-350-8000,061-350-8129,9,1,2,84,1,35.28418362,126.4989403
A2600070,Y,N1,Y,Y,영암한국병원,전라남도 영암군 영암읍 오리정길 8,061-470-7100,061-470-7118,8,1,2,29,1,34.79434132,126.7011699
A2600032,Y,N1,Y,Y,완도대성병원,전라남도 완도군 완도읍 청해진동로 63,061-553-1234,061-554-9500,5,1,1,34,1,34.31716999,126.7355637
A2600035,Y,N1,N1,Y,의료법인행복나눔의료재단장성병원,전라남도 장성군 장성읍 역전로 171,061-390-9000,061-390-9119,5,1,,51,1,35.30587166,126.7836196
A2600021,Y,Y,Y,Y,의료법인 우범의료재단 장흥종합병원,전라남도 장흥군 장흥읍 흥성로 74,061-862-8300,061-860-1119,9,1,1,9,1,34.67726072,126.9109361
A2600037,Y,Y,Y,Y,장흥우리병원,전라남도 장흥군 장흥읍 흥성로 83,061-862-6262,061-860-0119,5,1,2,44,1,34.67838231,126.9110991
A2600040,N1,N1,N1,Y,진도한국병원,전라남도 진도군 진도읍 남문길 48,061-544-2051,061-244-2310,1,1,,19,1,34.48243254,126.2641243
A2600077,Y,Y,Y,Y,해남우리종합병원,전라남도 해남군 옥천면 해남로 597,061530-7000,061-530-7119,18,1,2,95,1,34.58423738,126.646583
A2600009,Y,Y,Y,Y,의료법인행촌의료재단 해남종합병원,전라남도 해남군 해남읍 해남로 45,061-536-4116,061-530-0119,9,1,3,114,1,34.57154722,126.6126833
A2600001,Y,Y,Y,Y,화순전남대학교병원,전라남도 화순군 화순읍 서양로 322,061-379-7120,061-379-8882,12,1,6,252,1,35.05867074,127.0021083
A2500009,Y,Y,Y,Y,의료법인석천재단고창병원,전북특별자치도 고창군 고창읍 화신1길 9,063-560-5600,063-560-5558,11,1,2,73,1,35.43645131,126.6933181
A2500007,Y,Y,Y,Y,전북특별자치도군산의료원,"전북특별자치도 군산시 의료원로 27 (지곡동,(지곡동, 군산의료원))",063-472-5000,063-472-5130,18,1,6,132,1,35.95497073,126.7118994
A2500012,Y,Y,Y,Y,의료법인오성의료재단동군산병원,전북특별자치도 군산시 조촌로 149 (조촌동),063-440-0570,063-440-0516,14,1,2,19,1,35.97740074,126.7371923
A2500038,Y,Y,Y,Y,김제우석병원,전북특별자치도 김제시 서암4길 45 (서암동),063-540-5114,063-540-5119,11,1,2,80,1,35.80673936,126.8796996
A2500004,Y,Y,Y,Y,전북특별자치도남원의료원,전북특별자치도 남원시 충정로 365 (고죽동),063-620-1114,063-620-1119,15,1,2,79,1,35.43189946,127.407191
E2500019,Y,N1,Y,Y,무주군보건의료원,"전북특별자치도 무주군 무주읍 한풍루로 413, 무주군보건의료원",063-320-8314,063-320-8315,4,1,,24,1,36.00586316,127.6717027
A2500010,Y,Y,Y,Y,부안성모병원,전북특별자치도 부안군 부안읍 오정2길 24,063-581-5100,063-580-8119,9,1,3,69,1,35.7248154,126.7345257
E2500021,Y,N1,Y,Y,순창군보건의료원,전북특별자치도 순창군 순창읍 교성로 135 (순창군보건의료원),063-650-5321,063-650-5352,10,1,,30,1,35.36714954,127.1438667
A2500001,Y,Y,Y,Y,원광대학교병원,전북특별자치도 익산시 무왕로 895 (신동),063-859-1114,063-859-1165,19,1,9,205,1,35.96424196,126.9593063
A2500011,Y,Y,Y,Y,의료법인대산의료재단익산병원,전북특별자치도 익산시 무왕로 969 (신동),063-840-9114,063-840-9112,12,1,4,30,1,35.96168123,126.9664997
E2500022,Y,N1,Y,Y,임실군보건의료원,전북특별자치도 임실군 임실읍 호국로 1680,063-640-3102,063-640-3119,4,1,,,1,35.61249558,127.2869758
E2500020,N1,N1,Y,Y,장수군보건의료원,전북특별자치도 장수군 장수읍 장천로 247,063-351-8000,063-350-2119,6,1,,21,1,35.6546649,127.5201429
A2500002,Y,Y,Y,Y,전북대학교병원,전북특별자치도 전주시 덕진구 건지로 20 (금암동),063-250-1114,063-250-1131,38,1,15,432,1,35.84697279,127.1393674
A2500056,Y,Y,Y,Y,대자인병원,"전북특별자치도 전주시 덕진구 견훤로 390 (우아동3가,(우아동3가))",063-240-2000,063-250-8701,12,1,5,18,1,35.84599246,127.1533163
A2501890,Y,Y,Y,Y,의료법인영경의료재단호성전주병원,전북특별자치도 전주시 덕진구 동부대로 895 (호성동1가),063-240-8800,063-240-8862,8,1,1,31,1,35.86552842,127.1479029
A2500006,Y,Y,Y,Y,재단법인예수병원유지재단예수병원,"전북특별자치도 전주시 완산구 서원로 365 (중화산동1가, 예수병원)",063-230-8114,063-230-8280,37,1,9,102,1,35.81440117,127.1332519
A2500005,Y,Y,Y,Y,의료법인영경의료재단전주병원,"전북특별자치도 전주시 완산구 한두평3길 13 (중화산동2가, 전주병원)",063-220-7200,063-226-6119,9,1,0,11,1,35.8150266,127.1247992
A2500008,Y,Y,Y,Y,재단법인아산사회복지재단정읍아산병원,전북특별자치도 정읍시 충정로 606-22 (용계동),063-530-6000,063-530-6129,18,1,2,86,1,35.58899495,126.8234601
A2502031,Y,Y,Y,Y,진안군의료원,전북특별자치도 진안군 진안읍 진무로 1145-0,063-430-7000,063-430-7119,8,1,2,58,1,35.79518696,127.4320701
A2900002,Y,Y,Y,Y,제주특별자치도 서귀포의료원,제주특별자치도 서귀포시 장수로 47 &#40;동홍동&#41;,064-730-3000,064-730-3001,21,1,4,106,1,33.25535494,126.5642013
A2900001,Y,Y,Y,Y,제주한라병원,"제주특별자치도 제주시 도령로 65-  (연동, (연동))",064740-5000,064-740-5159,12,1,3,93,1,33.48994675,126.4850764
A2900003,Y,Y,Y,Y,의료법인 혜인의료재단 한국병원,제주특별자치도 제주시 서광로 193 (삼도일동),064-750-0000,064-750-0160,6,1,2,30,1,33.50018592,126.5169887
A2900007,Y,Y,Y,Y,제주대학교병원,"제주특별자치도 제주시 아란13길 15-  (아라일동,제주대학교병원 (아라일동))",064-717-1114,064-717-1903,2,1,8,174,1,33.46727331,126.5452573
A2900005,Y,Y,Y,Y,한마음병원,제주특별자치도 제주시 연신로 52   (이도이동),064-750-9000,064-750-9119,13,1,1,69,1,33.49626124,126.5462245
A2900006,Y,Y,Y,Y,의료법인 중앙의료재단 중앙병원,"제주특별자치도 제주시 월랑로 91-0 (이호이동,중앙병원)",064-786-7000,064-786-7777,12,1,2,86,1,33.49234615,126.4705871
A2400010,Y,Y,Y,Y,충청남도공주의료원,충청남도 공주시 무령로 77 (웅진동),041-962-1111,041-962-1365,15,1,5,110,1,36.45905456,127.1092156
A2400009,Y,Y,Y,Y,의료법인백제병원,충청남도 논산시 시민로294번길 14 (취암동),041-733-2191,041-730-8888,21,1,3,49,1,36.19250243,127.0943698
A2400008,Y,Y,Y,Y,당진종합병원,충청남도 당진시 반촌로 5-15 (시곡동),041-357-0100,041-358-3624,15,1,4,91,1,36.90439755,126.6843581
A2400011,Y,Y,Y,Y,재단법인아산사회복지재단보령아산병원,충청남도 보령시 죽성로 136 (죽정동),041-930-5114,041-930-5333,5,1,1,70,1,36.38113998,126.6228285
A2400038,Y,N1,Y,Y,학교법인건양교육재단건양대학교부여병원,충청남도 부여군 부여읍 계백로 200,041-837-1200,041-837-1201,9,1,1,15,1,36.27555409,126.9016966
A2400003,Y,Y,Y,Y,서산중앙병원,충청남도 서산시 수석산업로 5 (수석동),041-661-1000,041-661-1195,12,1,2,52,1,36.78101237,126.5034218
A2400006,Y,Y,Y,Y,충청남도서산의료원,충청남도 서산시 중앙로 149 (석림동),041-689-7000,041-689-7119,9,1,2,36,1,36.77556878,126.4651573
A2400044,Y,N1,Y,Y,의료법인서해병원,충청남도 서천군 서천읍 서천로 184,041-951-8282,041-950-0219,7,1,,31,1,36.08449429,126.6875811
A2402257,Y,Y,Y,Y,아산충무병원,충청남도 아산시 문화로 381 (모종동),041-536-6666,041-536-6519,8,1,2,188,1,36.7792925,127.0199489
A2400039,Y,N,Y,Y,현대병원,충청남도 아산시 시민로 388 (온천동),041-546-3636,041-546-7744,,1,,,1,36.7831183,127.0009703
A2400004,Y,Y,Y,Y,의료법인예당의료재단예산종합병원,충청남도 예산군 예산읍 금오대로 94,041-330-4000,041-330-4119,5,1,,85,1,36.69111404,126.838104
A2400002,Y,Y,Y,Y,단국대학교의과대학부속병원,"충청남도 천안시 동남구 망향로 201 (안서동, 단국대학교의과대학부속병원)",041-550-7114,041-550-6840,14,1,2,155,1,36.84295215,127.1732754
A2400001,Y,Y,Y,Y,학교법인동은학원순천향대학교부속천안병원,충청남도 천안시 동남구 순천향6길 31 (봉명동),041-570-2114,041-590-7019,19,1,1,170,1,36.8023585,127.1356668
A2400005,Y,Y,Y,Y,충청남도천안의료원,충청남도 천안시 동남구 충절로 537 (삼룡동),041-570-7200,041-570-7119,10,1,4,154,1,36.77535992,127.1799203
A2400012,Y,Y,Y,Y,의료법인영서의료재단천안충무병원,충청남도 천안시 서북구 다가말3길 8 (쌍용동),041-570-7555,041-570-7519,18,1,2,32,1,36.79739688,127.1315782
E2400032,Y,N1,Y,Y,청양군보건의료원,충청남도 청양군 청양읍 칠갑산로7길 54,041-942-3401,041-940-4951,7,1,1,11,1,36.45529646,126.8045584
E2400033,Y,N1,Y,Y,태안군보건의료원,충청남도 태안군 태안읍 서해로 1952-16,041-671-5300,041-671-5319,11,1,,16,1,36.75191402,126.3232074
A2400007,Y,Y,Y,Y,충청남도홍성의료원,충청남도 홍성군 홍성읍 조양로 224,041-630-6251,041-630-6119,20,1,3,119,1,36.59933992,126.6744067
A2300034,Y,Y,Y,Y,의료법인대광의료재단괴산성모병원,충청북도 괴산군 괴산읍 임꺽정로 116-0 (괴산성모병원),043-830-5400,043-830-5419,8,1,1,3,1,36.81544388,127.7842463
A2300017,Y,N1,Y,Y,의료법인정민의료재단보은한양병원,충청북도 보은군 보은읍 보은로 102,043-544-1500,070-7575-2853,7,1,1,14,1,36.48327156,127.7182104
A2300030,Y,Y,Y,Y,의료법인조윤의료재단영동병원,충청북도 영동군 영동읍 대학로 106,043-740-9000,043-740-9333,10,1,1,9,1,36.18523284,127.7808326
A2300011,Y,Y,Y,Y,의료법인힐링의료재단옥천성모병원,충청북도 옥천군 옥천읍 성왕로 1195,043-730-7000,043-730-7119,10,1,2,30,1,36.31334584,127.5719774
A2300009,Y,Y,Y,Y,의료법인명지의료재단명지병원,"충청북도 제천시 내토로 991-0 (고암동,의료법인명지의료재단명지병원)",043-640-8114,043-640-8117,21,1,3,63,1,37.16300576,128.2340566
A2300005,Y,Y,Y,Y,의료법인자산의료재단제천서울병원,충청북도 제천시 숭문로 57 (서부동),043-642-7606,043-643-2327,17,1,2,28,1,37.13857101,128.2061393
A2300013,Y,Y,Y,Y,의료법인건명의료재단중앙제일병원,충청북도 진천군 진천읍 중앙북로 36,043-533-1711,043-537-9119,11,1,5,79,1,36.85848748,127.4405079
A2300007,Y,Y,Y,Y,의료법인인화재단한국병원,충청북도 청주시 상당구 단재로 106 (영운동),043-222-7000,043-222-6177,10,1,3,46,1,36.61950589,127.4965949
A2300003,Y,Y,Y,Y,의료법인정산의료재단효성병원,충청북도 청주시 상당구 쇠내로 16 (금천동),043-221-5000,043-221-2192,16,1,3,79,1,36.62455637,127.4955852
A2300001,Y,Y,Y,Y,충북대학교병원,"충청북도 청주시 서원구 1순환로 776-0 (개신동,충북대학교병원)",043-269-6114,043-269-6114,29,1,8,326,1,36.62416682,127.4614361
A2300006,Y,Y,Y,Y,충청북도 청주의료원,"충청북도 청주시 서원구 흥덕로 48-0 (사직동,청주의료원)",043-279-2300,043-279-0119,12,1,3,175,1,36.64013897,127.4730876
A2300008,Y,Y,Y,Y,청주성모병원,충청북도 청주시 청원구 주성로 173-19 (주중동),043-219-8000,043-219-8119,7,1,6,144,1,36.67380133,127.4854696
A2300002,Y,Y,Y,Y,의료법인한마음의료재단하나병원,충청북도 청주시 흥덕구 2순환로 1262 (가경동),043-230-6114,043-230-6594,11,1,4,111,1,36.62347405,127.4308186
A2302011,Y,Y,Y,Y,재단법인베스티안재단베스티안병원,충청북도 청주시 흥덕구 오송읍 오송생명1로 191-0,043-910-7575,043-904-8925,10,1,4,152,1,36.6364279,127.3216412
A2300010,Y,Y,Y,Y,건국대학교충주병원,충청북도 충주시 국원대로 82 (교현동),043-840-8593,043-840-8330,19,1,4,121,1,36.9789751,127.9286366
A2300004,Y,Y,Y,Y,충청북도충주의료원,충청북도 충주시 안림로 239-50 (안림동),043-871-0114,043-871-0119,19,1,1,125,1,36.97956732,127.9703586
